{
  "epoch": 2,
  "val_loss": 2.914061027103,
  "timestamp": "2025-12-10T16:41:26.763016"
}