{
  "epoch": 2,
  "step": 200,
  "loss": 2.647257089614868,
  "timestamp": "2025-12-10T16:37:54.527891"
}