{
  "epoch": 3,
  "val_loss": 2.8788104481167265,
  "timestamp": "2025-12-10T16:45:14.277753"
}