{
  "epoch": 8,
  "val_loss": 3.4960838047562133,
  "timestamp": "2025-12-10T19:43:52.294631"
}