{
  "epoch": 1,
  "step": 100,
  "loss": 3.0924384593963623,
  "timestamp": "2025-12-10T16:35:45.460385"
}