{
  "epoch": 4,
  "step": 600,
  "loss": 2.94364857673645,
  "timestamp": "2025-12-10T16:45:53.894678"
}