{
  "epoch": 5,
  "step": 800,
  "loss": 2.959130048751831,
  "timestamp": "2025-12-10T16:49:53.717261"
}