{
  "original": {
    "train_losses": [
      1.2050709230707417,
      0.8949423284674621,
      0.8670766851727219,
      0.8482325380345814,
      0.8322810512114678,
      0.8188404324719926,
      0.8072005481486708,
      0.7971514746515308,
      0.7885697439336513,
      0.7814093435631145
    ],
    "val_losses": [
      0.9197997740935276,
      0.8798019344726187,
      0.8602814754367073,
      0.8451136780761525,
      0.8320156751859235,
      0.8213957666888974,
      0.8114090818328361,
      0.8045168708933607,
      0.7977423228212134,
      0.7925188871472661
    ],
    "times": [
      580.218455,
      566.858329,
      567.727092,
      566.230791,
      566.823875,
      565.588889,
      565.655231,
      565.4206,
      565.720498,
      566.608661
    ],
    "epochs_completed": 10
  },
  "reduced": {
    "train_losses": [
      1.4373847163883569,
      0.9744565630889643,
      0.9453978866165826,
      0.9254685690870139,
      0.908591138568357,
      0.8932485958160479,
      0.8801085030274929,
      0.8691946213616978,
      0.8589359985483724,
      0.8505300466867187
    ],
    "val_losses": [
      1.000783085262307,
      0.9603692906036123,
      0.9395537675746449,
      0.9217455233568372,
      0.9073665371967669,
      0.8946154185121865,
      0.8850447647582779,
      0.8743726259842721,
      0.8666788946628966,
      0.8595231281635705
    ],
    "times": [
      505.813615,
      505.272132,
      505.590648,
      505.300209,
      503.315604,
      503.107328,
      504.269799,
      503.276057,
      503.037225,
      503.946285
    ],
    "epochs_completed": 10
  }
}