{
  "epoch": 8,
  "val_loss": 3.215634260967279,
  "timestamp": "2025-12-10T19:42:23.643007"
}