{
  "epoch": 4,
  "step": 700,
  "loss": 2.965151071548462,
  "timestamp": "2025-12-10T16:47:44.614520"
}