{
  "epoch": 3,
  "step": 400,
  "loss": 3.1508047580718994,
  "timestamp": "2025-12-10T16:41:53.134675"
}