epoch,eval_loss
1,1.5543499836055314
2,1.4984566632954948
3,1.459146494705197
4,1.4356730169888618
5,1.4182283845606498
6,1.4045956101169628
7,1.3981162129893108
8,1.3896594734994316
9,1.3835614281665303
10,1.3799467143083437
11,1.3760817626623059
12,1.3746075808293128
13,1.37385296871045
14,1.3736332108686984
15,1.3736349667166978
