epoch,eval_loss
1,2.972551700803969
2,2.914061027103
3,2.8788104481167265
4,2.8641772905985516
5,2.862051831351386
