epoch,original_train_loss,original_val_loss,original_time,reduced_train_loss,reduced_val_loss,reduced_time
1,3.831672818922415,3.534532215944521,97.505169,4.952449172735214,3.9953781419498906,90.804663
2,3.5327668342648484,3.4320505045022176,106.013599,3.9118826825444293,3.774904834237068,90.749302
3,3.439390952994184,3.3575539755973085,98.806507,3.77674500026354,3.679601288145515,88.448731
4,3.372760468139881,3.312615007351918,99.130443,3.701930918344637,3.6177814826843844,88.469903
5,3.332012901945812,3.2800824232162182,99.130329,3.647701273604137,3.571434005810197,88.314438
6,3.3027362903443778,3.2556385872470344,103.509146,3.608985277210794,3.5408805874502582,88.276536
7,3.277632230665626,3.2346620407833417,98.957533,3.5785557831205974,3.514510666488842,88.409961
8,3.256089475823612,3.215634260967279,98.89884,3.556189355326862,3.4960838047562133,88.383344
