{
  "epoch": 1,
  "val_loss": 2.972551700803969,
  "timestamp": "2025-12-10T16:37:41.162379"
}