{
  "epoch": 3,
  "step": 500,
  "loss": 3.1011698246002197,
  "timestamp": "2025-12-10T16:43:43.568497"
}