{
  "original": {
    "train_losses": [
      3.831672818922415,
      3.5327668342648484,
      3.439390952994184,
      3.372760468139881,
      3.332012901945812,
      3.3027362903443778,
      3.277632230665626,
      3.256089475823612
    ],
    "val_losses": [
      3.534532215944521,
      3.4320505045022176,
      3.3575539755973085,
      3.312615007351918,
      3.2800824232162182,
      3.2556385872470344,
      3.2346620407833417,
      3.215634260967279
    ],
    "times": [
      97.505169,
      106.013599,
      98.806507,
      99.130443,
      99.130329,
      103.509146,
      98.957533,
      98.89884
    ],
    "epochs_completed": 8,
    "best_epoch": 8,
    "best_val_loss": 3.215634260967279
  },
  "reduced": {
    "train_losses": [
      4.952449172735214,
      3.9118826825444293,
      3.77674500026354,
      3.701930918344637,
      3.647701273604137,
      3.608985277210794,
      3.5785557831205974,
      3.556189355326862
    ],
    "val_losses": [
      3.9953781419498906,
      3.774904834237068,
      3.679601288145515,
      3.6177814826843844,
      3.571434005810197,
      3.5408805874502582,
      3.514510666488842,
      3.4960838047562133
    ],
    "times": [
      90.804663,
      90.749302,
      88.448731,
      88.469903,
      88.314438,
      88.276536,
      88.409961,
      88.383344
    ],
    "epochs_completed": 8,
    "best_epoch": 8,
    "best_val_loss": 3.4960838047562133
  }
}