{
  "epoch": 5,
  "val_loss": 2.862051831351386,
  "timestamp": "2025-12-10T16:52:46.789213"
}