{
  "epoch": 2,
  "step": 300,
  "loss": 3.014448881149292,
  "timestamp": "2025-12-10T16:39:44.289316"
}