{
  "epoch": 5,
  "step": 900,
  "loss": 2.5963518619537354,
  "timestamp": "2025-12-10T16:51:43.616821"
}