{
  "epoch": 4,
  "val_loss": 2.8641772905985516,
  "timestamp": "2025-12-10T16:49:00.922993"
}